<toolconfiguration>

<casesensitive value="true"> </casesensitive>
<trimming value="true"> </trimming>

<specialcharacter>
<!--Path of xml file containing the special character-->
<path>
</path>
</specialcharacter>

<stopword>
<!--Path of xml file containing the stopword-->
<path>
</path>
</stopword>

<abbreviation>
<!--Path of xml file containing the abbreviation-->
<path>
</path>
</abbreviation>

<spellchecker>
<!--Details of the spell check algorithm-->
<algorithm name="">
<concreteclass></concreteclass>
</algorithm>
</spellchecker>

<stemming>
<!--Details of the stemming algorithm-->
<algorithm name="">
<concreteclass></concreteclass>
</algorithm>
</stemming>


<syntaxstage>
<!--Details of the syntax matching algorithms-->
<!--Note that user can mention more than one syntax algorithm-->
<algorithm name="ExactMatchSyntaxAlgorithm">
<concreteclass>ExactMatchSyntaxAlgorithm.java</concreteclass>
</algorithm>
<algorithm name="EditDistanceSyntaxAlgorithm">
<concreteclass>EditDistanceSyntaxAlgorithm.java</concreteclass>
</algorithm>
<algorithm name="QGramDistanceSyntaxAlgorithm">
<concreteclass>QGramDistanceSyntaxAlgorithm.java</concreteclass>
</algorithm>
<algorithm name="SimonWhiteAlgorithm">
<concreteclass>SimonWhiteAlgorithm.java</concreteclass>
</algorithm>
<algorithm name="SoundexSyntaxAlgorithm">
<concreteclass>SoundexSyntaxAlgorithm.java</concreteclass>
</algorithm>
<!--Value for threshold-->
<thresholdvalue> 0.6 </thresholdvalue>
</syntaxstage>

<semantic>
<!--Path of xml file containing the semantic synonyms generated by the wordnet interface-->
<path>
</path>
</semantic>

<!--Final analysis stage-->
<analysis>
<thresholdvalue> 0.6 </thresholdvalue>
<analysis>

</toolconfiguration>
